[{"pk": 14, "model": "contenttypes.contenttype", "fields": {"model": "announcement", "name": "announcement", "app_label": "announcements"}}, {"pk": 13, "model": "contenttypes.contenttype", "fields": {"model": "article", "name": "article", "app_label": "articles"}}, {"pk": 24, "model": "contenttypes.contenttype", "fields": {"model": "oslcomment", "name": "comment", "app_label": "osl_comments"}}, {"pk": 6, "model": "contenttypes.contenttype", "fields": {"model": "comment", "name": "comment", "app_label": "comments"}}, {"pk": 7, "model": "contenttypes.contenttype", "fields": {"model": "commentflag", "name": "comment flag", "app_label": "comments"}}, {"pk": 23, "model": "contenttypes.contenttype", "fields": {"model": "commentsbannedfromipaddress", "name": "comments banned from ip address", "app_label": "osl_comments"}}, {"pk": 25, "model": "contenttypes.contenttype", "fields": {"model": "commentsperpageforcontenttype", "name": "comments per page for content type", "app_label": "osl_comments"}}, {"pk": 8, "model": "contenttypes.contenttype", "fields": {"model": "contenttype", "name": "content type", "app_label": "contenttypes"}}, {"pk": 16, "model": "contenttypes.contenttype", "fields": {"model": "dontsendentry", "name": "don't send entry", "app_label": "mailer"}}, {"pk": 27, "model": "contenttypes.contenttype", "fields": {"model": "facebookprofile", "name": "facebook profile", "app_label": "socialregistration"}}, {"pk": 26, "model": "contenttypes.contenttype", "fields": {"model": "flatpage", "name": "flatpage", "app_label": "osl_flatpages"}}, {"pk": 3, "model": "contenttypes.contenttype", "fields": {"model": "group", "name": "group", "app_label": "auth"}}, {"pk": 1, "model": "contenttypes.contenttype", "fields": {"model": "logentry", "name": "log entry", "app_label": "admin"}}, {"pk": 5, "model": "contenttypes.contenttype", "fields": {"model": "message", "name": "message", "app_label": "auth"}}, {"pk": 15, "model": "contenttypes.contenttype", "fields": {"model": "message", "name": "message", "app_label": "mailer"}}, {"pk": 17, "model": "contenttypes.contenttype", "fields": {"model": "messagelog", "name": "message log", "app_label": "mailer"}}, {"pk": 20, "model": "contenttypes.contenttype", "fields": {"model": "notice", "name": "notice", "app_label": "notification"}}, {"pk": 21, "model": "contenttypes.contenttype", "fields": {"model": "noticequeuebatch", "name": "notice queue batch", "app_label": "notification"}}, {"pk": 19, "model": "contenttypes.contenttype", "fields": {"model": "noticesetting", "name": "notice setting", "app_label": "notification"}}, {"pk": 18, "model": "contenttypes.contenttype", "fields": {"model": "noticetype", "name": "notice type", "app_label": "notification"}}, {"pk": 22, "model": "contenttypes.contenttype", "fields": {"model": "observeditem", "name": "observed item", "app_label": "notification"}}, {"pk": 31, "model": "contenttypes.contenttype", "fields": {"model": "openidnonce", "name": "open id nonce", "app_label": "socialregistration"}}, {"pk": 29, "model": "contenttypes.contenttype", "fields": {"model": "openidprofile", "name": "open id profile", "app_label": "socialregistration"}}, {"pk": 30, "model": "contenttypes.contenttype", "fields": {"model": "openidstore", "name": "open id store", "app_label": "socialregistration"}}, {"pk": 2, "model": "contenttypes.contenttype", "fields": {"model": "permission", "name": "permission", "app_label": "auth"}}, {"pk": 9, "model": "contenttypes.contenttype", "fields": {"model": "redirect", "name": "redirect", "app_label": "redirects"}}, {"pk": 10, "model": "contenttypes.contenttype", "fields": {"model": "session", "name": "session", "app_label": "sessions"}}, {"pk": 11, "model": "contenttypes.contenttype", "fields": {"model": "site", "name": "site", "app_label": "sites"}}, {"pk": 32, "model": "contenttypes.contenttype", "fields": {"model": "tag", "name": "tag", "app_label": "tagging"}}, {"pk": 33, "model": "contenttypes.contenttype", "fields": {"model": "taggeditem", "name": "tagged item", "app_label": "tagging"}}, {"pk": 28, "model": "contenttypes.contenttype", "fields": {"model": "twitterprofile", "name": "twitter profile", "app_label": "socialregistration"}}, {"pk": 4, "model": "contenttypes.contenttype", "fields": {"model": "user", "name": "user", "app_label": "auth"}}, {"pk": 12, "model": "contenttypes.contenttype", "fields": {"model": "userprofile", "name": "user profile", "app_label": "accounts"}}, {"pk": 34, "model": "contenttypes.contenttype", "fields": {"model": "vote", "name": "vote", "app_label": "voting"}}, {"pk": "208dfb3ca77ce446eb7d8e2968ec5287", "model": "sessions.session", "fields": {"expire_date": "2010-12-19 17:52:11", "session_data": "gAJ9cQEoVRBfZGpmbGFzaF9zZXNzaW9ucQJjZGphbmdvZmxhc2gubW9kZWxzCkZsYXNoU2NvcGUK\ncQMpgXEEfXEFKFUDbm93cQZjZGphbmdvZmxhc2gubW9kZWxzCl9JbW1lZGlhdGVGbGFzaFNjb3Bl\nQWRhcHRlcgpxBymBcQh9cQlVCGRlbGVnYXRlcQpoBHNiVQhfc2Vzc2lvbnELfXEMVRBjb21tZW50\nX3Jlc3BvbnNlcQ1VHFlvdXIgY29tbWVudCBoYXMgYmVlbiBhZGRlZCFxDnNVBV91c2VkcQ99cRBo\nDU5zdWJVEl9hdXRoX3VzZXJfYmFja2VuZHERVSlkamFuZ28uY29udHJpYi5hdXRoLmJhY2tlbmRz\nLk1vZGVsQmFja2VuZHESVQ1fYXV0aF91c2VyX2lkcRNLAnUuMzUzZjk5NzIwNzkwZDg1Yjk0ZWE3\nOTY0ODA2YTM0MGM=\n"}}, {"pk": 1, "model": "sites.site", "fields": {"domain": "example.com", "name": "example.com"}}, {"pk": 1, "model": "accounts.userprofile", "fields": {"url": "", "user": 1}}, {"pk": 2, "model": "accounts.userprofile", "fields": {"url": "", "user": 2}}, {"pk": 1, "model": "articles.article", "fields": {"status": 0, "markdown_content": "This is an article with a lot of comments", "description": "This is an article with a lot of comments", "title": "Lots of comments", "date_updated": "2010-12-05", "tags": "", "content": "<p>This is an article with a lot of comments</p>", "authors": [1], "enable_comments": true, "date_created": "2010-12-05", "slug": "lots-comments"}}, {"pk": 2, "model": "articles.article", "fields": {"status": 0, "markdown_content": "An article with only a few comments", "description": "An article with only a few comments", "title": "Few comments", "date_updated": "2010-12-05", "tags": "", "content": "<p>An article with only a few comments</p>", "authors": [1], "enable_comments": true, "date_created": "2010-12-05", "slug": "few-comments"}}, {"pk": 3, "model": "articles.article", "fields": {"status": 0, "markdown_content": "No comments allowed", "description": "No comments allowed", "title": "No comments", "date_updated": "2010-12-05", "tags": "", "content": "<p>No comments allowed</p>", "authors": [1], "enable_comments": false, "date_created": "2010-12-05", "slug": "no-comments"}}, {"pk": 4, "model": "articles.article", "fields": {"status": 0, "markdown_content": "Test the first comment posting", "description": "Test the first comment posting", "title": "First comment", "date_updated": "2010-12-05", "tags": "", "content": "<p>Test the first comment posting</p>", "authors": [1], "enable_comments": true, "date_created": "2010-12-05", "slug": "first-comment"}}, {"pk": 1, "model": "notification.noticetype", "fields": {"default": 2, "description": "you have received an announcement", "display": "Announcement", "label": "announcement"}}, {"pk": 1, "model": "osl_comments.oslcomment", "fields": {"inline_to_object": false, "transformed_comment": "<p>First!</p>", "edit_timestamp": "2010-12-05 17:27:15", "parent_comment": null, "is_deleted_by_user": false}}, {"pk": 2, "model": "osl_comments.oslcomment", "fields": {"inline_to_object": false, "transformed_comment": "<p>Second!</p>", "edit_timestamp": "2010-12-05 17:27:24", "parent_comment": 1, "is_deleted_by_user": false}}, {"pk": 3, "model": "osl_comments.oslcomment", "fields": {"inline_to_object": false, "transformed_comment": "<p>Third!</p>", "edit_timestamp": "2010-12-05 17:27:31", "parent_comment": 1, "is_deleted_by_user": false}}, {"pk": 4, "model": "osl_comments.oslcomment", "fields": {"inline_to_object": false, "transformed_comment": "<p>Damn people who post:</p>\n<blockquote>\n<p>First!</p>\n</blockquote>", "edit_timestamp": "2010-12-05 17:28:02", "parent_comment": null, "is_deleted_by_user": false}}, {"pk": 5, "model": "osl_comments.oslcomment", "fields": {"inline_to_object": false, "transformed_comment": "<p>Yeah, totally!</p>", "edit_timestamp": "2010-12-05 17:28:22", "parent_comment": 4, "is_deleted_by_user": false}}, {"pk": 6, "model": "osl_comments.oslcomment", "fields": {"inline_to_object": false, "transformed_comment": "<p>I know!</p>", "edit_timestamp": "2010-12-05 17:28:34", "parent_comment": 4, "is_deleted_by_user": false}}, {"pk": 7, "model": "osl_comments.oslcomment", "fields": {"inline_to_object": false, "transformed_comment": "<p>Something else</p>", "edit_timestamp": "2010-12-05 17:29:03", "parent_comment": null, "is_deleted_by_user": false}}, {"pk": 8, "model": "osl_comments.oslcomment", "fields": {"inline_to_object": false, "transformed_comment": "<p>At least say something productive!</p>", "edit_timestamp": "2010-12-05 17:29:16", "parent_comment": 7, "is_deleted_by_user": false}}, {"pk": 9, "model": "osl_comments.oslcomment", "fields": {"inline_to_object": false, "transformed_comment": "<p>Yeah!</p>\n<p>What the hell?</p>", "edit_timestamp": "2010-12-05 17:29:30", "parent_comment": 7, "is_deleted_by_user": false}}, {"pk": 10, "model": "osl_comments.oslcomment", "fields": {"inline_to_object": false, "transformed_comment": "<p>Amazing!</p>", "edit_timestamp": "2010-12-05 17:30:09", "parent_comment": null, "is_deleted_by_user": false}}, {"pk": 11, "model": "osl_comments.oslcomment", "fields": {"inline_to_object": false, "transformed_comment": "<p>Definitely</p>", "edit_timestamp": "2010-12-05 17:30:22", "parent_comment": 10, "is_deleted_by_user": false}}, {"pk": 12, "model": "osl_comments.oslcomment", "fields": {"inline_to_object": false, "transformed_comment": "<p>Well, there's probably some bug that I missed</p>", "edit_timestamp": "2010-12-05 17:30:35", "parent_comment": 10, "is_deleted_by_user": false}}, {"pk": 13, "model": "osl_comments.oslcomment", "fields": {"inline_to_object": false, "transformed_comment": "<p>Hell yeah!</p>", "edit_timestamp": "2010-12-05 17:30:52", "parent_comment": null, "is_deleted_by_user": false}}, {"pk": 14, "model": "osl_comments.oslcomment", "fields": {"inline_to_object": false, "transformed_comment": "<p>bah!</p>", "edit_timestamp": "2010-12-05 17:30:58", "parent_comment": 13, "is_deleted_by_user": false}}, {"pk": 15, "model": "osl_comments.oslcomment", "fields": {"inline_to_object": false, "transformed_comment": "<p>tada!</p>", "edit_timestamp": "2010-12-05 17:31:05", "parent_comment": 13, "is_deleted_by_user": false}}, {"pk": 16, "model": "osl_comments.oslcomment", "fields": {"inline_to_object": false, "transformed_comment": "<p>Here's some code:</p>\n<pre><code>print \"Hello World!\"\n</code></pre>", "edit_timestamp": "2010-12-05 17:31:51", "parent_comment": null, "is_deleted_by_user": false}}, {"pk": 17, "model": "osl_comments.oslcomment", "fields": {"inline_to_object": false, "transformed_comment": "<p>Awesome!</p>", "edit_timestamp": "2010-12-05 17:31:59", "parent_comment": 16, "is_deleted_by_user": false}}, {"pk": 18, "model": "osl_comments.oslcomment", "fields": {"inline_to_object": false, "transformed_comment": "<p>Totally awesome!</p>", "edit_timestamp": "2010-12-05 17:32:14", "parent_comment": 16, "is_deleted_by_user": false}}, {"pk": 19, "model": "osl_comments.oslcomment", "fields": {"inline_to_object": false, "transformed_comment": "<ul>\n<li>Ta</li>\n<li>Da</li>\n</ul>\n<p>Haha</p>\n<ol>\n<li>blah</li>\n<li>Hah</li>\n</ol>", "edit_timestamp": "2010-12-05 17:32:50", "parent_comment": null, "is_deleted_by_user": false}}, {"pk": 20, "model": "osl_comments.oslcomment", "fields": {"inline_to_object": false, "transformed_comment": "<p>That's <strong>nothing</strong>, compared to <em>this</em></p>", "edit_timestamp": "2010-12-05 17:34:49", "parent_comment": 19, "is_deleted_by_user": false}}, {"pk": 21, "model": "osl_comments.oslcomment", "fields": {"inline_to_object": false, "transformed_comment": "<p>I'm liking these styles</p>", "edit_timestamp": "2010-12-05 17:35:05", "parent_comment": 19, "is_deleted_by_user": false}}, {"pk": 22, "model": "osl_comments.oslcomment", "fields": {"inline_to_object": false, "transformed_comment": "<p>Time for some awesomeness</p>", "edit_timestamp": "2010-12-05 17:35:20", "parent_comment": null, "is_deleted_by_user": false}}, {"pk": 23, "model": "osl_comments.oslcomment", "fields": {"inline_to_object": false, "transformed_comment": "<p>Still getting awesome test data</p>", "edit_timestamp": "2010-12-05 17:35:32", "parent_comment": 22, "is_deleted_by_user": false}}, {"pk": 24, "model": "osl_comments.oslcomment", "fields": {"inline_to_object": false, "transformed_comment": "<p>Right-o</p>", "edit_timestamp": "2010-12-05 17:35:40", "parent_comment": 22, "is_deleted_by_user": false}}, {"pk": 25, "model": "osl_comments.oslcomment", "fields": {"inline_to_object": false, "transformed_comment": "<p>asdf</p>", "edit_timestamp": "2010-12-05 17:36:05", "parent_comment": null, "is_deleted_by_user": false}}, {"pk": 26, "model": "osl_comments.oslcomment", "fields": {"inline_to_object": false, "transformed_comment": "<p>ghjk</p>", "edit_timestamp": "2010-12-05 17:36:13", "parent_comment": 25, "is_deleted_by_user": false}}, {"pk": 27, "model": "osl_comments.oslcomment", "fields": {"inline_to_object": false, "transformed_comment": "<p>qwer</p>", "edit_timestamp": "2010-12-05 17:36:23", "parent_comment": 25, "is_deleted_by_user": false}}, {"pk": 28, "model": "osl_comments.oslcomment", "fields": {"inline_to_object": false, "transformed_comment": "<p>zxcv</p>", "edit_timestamp": "2010-12-05 17:36:34", "parent_comment": null, "is_deleted_by_user": false}}, {"pk": 29, "model": "osl_comments.oslcomment", "fields": {"inline_to_object": false, "transformed_comment": "<p>bnm&lt;</p>", "edit_timestamp": "2010-12-05 17:36:42", "parent_comment": 28, "is_deleted_by_user": false}}, {"pk": 30, "model": "osl_comments.oslcomment", "fields": {"inline_to_object": false, "transformed_comment": "<p>uiop</p>", "edit_timestamp": "2010-12-05 17:36:50", "parent_comment": 28, "is_deleted_by_user": false}}, {"pk": 31, "model": "osl_comments.oslcomment", "fields": {"inline_to_object": false, "transformed_comment": "<p>12</p>", "edit_timestamp": "2010-12-05 17:36:59", "parent_comment": null, "is_deleted_by_user": false}}, {"pk": 32, "model": "osl_comments.oslcomment", "fields": {"inline_to_object": false, "transformed_comment": "<p>34</p>", "edit_timestamp": "2010-12-05 17:37:04", "parent_comment": 31, "is_deleted_by_user": false}}, {"pk": 33, "model": "osl_comments.oslcomment", "fields": {"inline_to_object": false, "transformed_comment": "<p>56</p>", "edit_timestamp": "2010-12-05 17:37:12", "parent_comment": 31, "is_deleted_by_user": false}}, {"pk": 34, "model": "osl_comments.oslcomment", "fields": {"inline_to_object": false, "transformed_comment": "<p><code>{[:]}</code></p>", "edit_timestamp": "2010-12-05 17:37:57", "parent_comment": null, "is_deleted_by_user": false}}, {"pk": 35, "model": "osl_comments.oslcomment", "fields": {"inline_to_object": false, "transformed_comment": "<p>Here's how to return a query string:</p>\n<pre><code>import urlparse\nurl = urlparse.urlparse('http://www.google.ca')\nqs = url[4]\nreturn qs\n</code></pre>", "edit_timestamp": "2010-12-05 17:40:30", "parent_comment": 34, "is_deleted_by_user": false}}, {"pk": 36, "model": "osl_comments.oslcomment", "fields": {"inline_to_object": false, "transformed_comment": "<p>Woah!</p>", "edit_timestamp": "2010-12-05 17:40:40", "parent_comment": 34, "is_deleted_by_user": false}}, {"pk": 37, "model": "osl_comments.oslcomment", "fields": {"inline_to_object": false, "transformed_comment": "<p>Still need more filler</p>", "edit_timestamp": "2010-12-05 17:41:10", "parent_comment": null, "is_deleted_by_user": false}}, {"pk": 38, "model": "osl_comments.oslcomment", "fields": {"inline_to_object": false, "transformed_comment": "<p>Right back at ya!</p>", "edit_timestamp": "2010-12-05 17:41:19", "parent_comment": 37, "is_deleted_by_user": false}}, {"pk": 39, "model": "osl_comments.oslcomment", "fields": {"inline_to_object": false, "transformed_comment": "<p>Ta-da</p>", "edit_timestamp": "2010-12-05 17:41:26", "parent_comment": 37, "is_deleted_by_user": false}}, {"pk": 40, "model": "osl_comments.oslcomment", "fields": {"inline_to_object": false, "transformed_comment": "<p>Time to add some more comments</p>", "edit_timestamp": "2010-12-05 17:42:42", "parent_comment": null, "is_deleted_by_user": false}}, {"pk": 41, "model": "osl_comments.oslcomment", "fields": {"inline_to_object": false, "transformed_comment": "<p>Yeah, definitely</p>", "edit_timestamp": "2010-12-05 17:42:51", "parent_comment": 40, "is_deleted_by_user": false}}, {"pk": 42, "model": "osl_comments.oslcomment", "fields": {"inline_to_object": false, "transformed_comment": "<p>1213</p>", "edit_timestamp": "2010-12-05 17:43:00", "parent_comment": 40, "is_deleted_by_user": false}}, {"pk": 43, "model": "osl_comments.oslcomment", "fields": {"inline_to_object": false, "transformed_comment": "<p>+_)((*</p>", "edit_timestamp": "2010-12-05 17:43:10", "parent_comment": null, "is_deleted_by_user": false}}, {"pk": 44, "model": "osl_comments.oslcomment", "fields": {"inline_to_object": false, "transformed_comment": "<p>craziness</p>", "edit_timestamp": "2010-12-05 17:43:16", "parent_comment": 43, "is_deleted_by_user": false}}, {"pk": 45, "model": "osl_comments.oslcomment", "fields": {"inline_to_object": false, "transformed_comment": "<p>!@@$@#@</p>", "edit_timestamp": "2010-12-05 17:43:23", "parent_comment": 43, "is_deleted_by_user": false}}, {"pk": 46, "model": "osl_comments.oslcomment", "fields": {"inline_to_object": false, "transformed_comment": "<p>whoop!</p>", "edit_timestamp": "2010-12-05 17:43:31", "parent_comment": null, "is_deleted_by_user": false}}, {"pk": 47, "model": "osl_comments.oslcomment", "fields": {"inline_to_object": false, "transformed_comment": "<p>Toop?</p>", "edit_timestamp": "2010-12-05 17:43:39", "parent_comment": 46, "is_deleted_by_user": false}}, {"pk": 48, "model": "osl_comments.oslcomment", "fields": {"inline_to_object": false, "transformed_comment": "<p>loop!</p>", "edit_timestamp": "2010-12-05 17:43:45", "parent_comment": 46, "is_deleted_by_user": false}}, {"pk": 49, "model": "osl_comments.oslcomment", "fields": {"inline_to_object": false, "transformed_comment": "<pre><code>#include &lt;stdio.h&gt;\n\nmain() {\n    puts(\"Hello World!\");\n    return 0;\n}\n</code></pre>", "edit_timestamp": "2010-12-05 17:46:54", "parent_comment": null, "is_deleted_by_user": false}}, {"pk": 50, "model": "osl_comments.oslcomment", "fields": {"inline_to_object": false, "transformed_comment": "<p>yikes!</p>", "edit_timestamp": "2010-12-05 17:45:33", "parent_comment": 49, "is_deleted_by_user": false}}, {"pk": 51, "model": "osl_comments.oslcomment", "fields": {"inline_to_object": false, "transformed_comment": "<p>I like <code>print \"Hello World!\"</code> better</p>", "edit_timestamp": "2010-12-05 17:45:55", "parent_comment": 49, "is_deleted_by_user": false}}, {"pk": 52, "model": "osl_comments.oslcomment", "fields": {"inline_to_object": false, "transformed_comment": "<p>Another thing to fill</p>", "edit_timestamp": "2010-12-05 17:47:06", "parent_comment": null, "is_deleted_by_user": false}}, {"pk": 53, "model": "osl_comments.oslcomment", "fields": {"inline_to_object": false, "transformed_comment": "<p>Some anon comment</p>", "edit_timestamp": "2010-12-05 17:47:34", "parent_comment": 52, "is_deleted_by_user": false}}, {"pk": 54, "model": "osl_comments.oslcomment", "fields": {"inline_to_object": false, "transformed_comment": "<p>yep</p>", "edit_timestamp": "2010-12-05 17:48:06", "parent_comment": 52, "is_deleted_by_user": false}}, {"pk": 55, "model": "osl_comments.oslcomment", "fields": {"inline_to_object": false, "transformed_comment": "<p>A first comment</p>", "edit_timestamp": "2010-12-05 17:50:31", "parent_comment": null, "is_deleted_by_user": false}}, {"pk": 56, "model": "osl_comments.oslcomment", "fields": {"inline_to_object": false, "transformed_comment": "<p>Woot!</p>", "edit_timestamp": "2010-12-05 17:50:51", "parent_comment": null, "is_deleted_by_user": false}}, {"pk": 57, "model": "osl_comments.oslcomment", "fields": {"inline_to_object": false, "transformed_comment": "<p>Stop putting \"First\" in or you're going to get moderated!</p>", "edit_timestamp": "2010-12-05 17:51:11", "parent_comment": 55, "is_deleted_by_user": false}}, {"pk": 58, "model": "osl_comments.oslcomment", "fields": {"inline_to_object": false, "transformed_comment": "<p>Toot!</p>", "edit_timestamp": "2010-12-05 17:51:19", "parent_comment": null, "is_deleted_by_user": false}}, {"pk": 59, "model": "osl_comments.oslcomment", "fields": {"inline_to_object": false, "transformed_comment": "<p>boot</p>", "edit_timestamp": "2010-12-05 17:51:53", "parent_comment": null, "is_deleted_by_user": false}}, {"pk": 60, "model": "osl_comments.oslcomment", "fields": {"inline_to_object": false, "transformed_comment": "<p>Downvoted for not being constructive!</p>", "edit_timestamp": "2010-12-05 17:52:11", "parent_comment": 55, "is_deleted_by_user": false}}, {"pk": "About", "model": "osl_flatpages.flatpage", "fields": {"content": "<p>About page placeholder</p>", "markdown_content": "About page placeholder", "changefreq": "yearly", "description": "Sample about page", "title": "About Page"}}, {"pk": "Development", "model": "osl_flatpages.flatpage", "fields": {"content": "<p>Development page placeholder</p>", "markdown_content": "Development page placeholder", "changefreq": "yearly", "description": "Sample development page", "title": "Development Page"}}, {"pk": "Home", "model": "osl_flatpages.flatpage", "fields": {"content": "<p>Homepage placeholder</p>", "markdown_content": "Homepage placeholder", "changefreq": "weekly", "description": "This is the homepage", "title": "Homepage"}}, {"pk": "Laurier Wireless Connect", "model": "osl_flatpages.flatpage", "fields": {"content": "<p>Laurier Wireless Connect placeholder</p>", "markdown_content": "Laurier Wireless Connect placeholder", "changefreq": "yearly", "description": "Sample Laurier Wireless Connect page", "title": "Laurier Wireless Connect"}}, {"pk": "Privacy", "model": "osl_flatpages.flatpage", "fields": {"content": "<p>Privacy page placeholder</p>", "markdown_content": "Privacy page placeholder", "changefreq": "never", "description": "Sample privacy page", "title": "Privacy Page"}}, {"pk": "Terms", "model": "osl_flatpages.flatpage", "fields": {"content": "<p>Terms page placeholder</p>", "markdown_content": "Terms page placeholder", "changefreq": "never", "description": "Sample terms page", "title": "Terms and Conditions page"}}, {"pk": 1, "model": "voting.vote", "fields": {"vote": 1, "user": 1, "content_type": 24, "object_id": 1}}, {"pk": 2, "model": "voting.vote", "fields": {"vote": 1, "user": 1, "content_type": 24, "object_id": 2}}, {"pk": 3, "model": "voting.vote", "fields": {"vote": 1, "user": 1, "content_type": 24, "object_id": 3}}, {"pk": 4, "model": "voting.vote", "fields": {"vote": 1, "user": 1, "content_type": 24, "object_id": 4}}, {"pk": 5, "model": "voting.vote", "fields": {"vote": 1, "user": 1, "content_type": 24, "object_id": 5}}, {"pk": 6, "model": "voting.vote", "fields": {"vote": 1, "user": 1, "content_type": 24, "object_id": 6}}, {"pk": 7, "model": "voting.vote", "fields": {"vote": 1, "user": 1, "content_type": 24, "object_id": 7}}, {"pk": 8, "model": "voting.vote", "fields": {"vote": 1, "user": 1, "content_type": 24, "object_id": 8}}, {"pk": 9, "model": "voting.vote", "fields": {"vote": 1, "user": 1, "content_type": 24, "object_id": 9}}, {"pk": 10, "model": "voting.vote", "fields": {"vote": 1, "user": 1, "content_type": 24, "object_id": 10}}, {"pk": 11, "model": "voting.vote", "fields": {"vote": 1, "user": 1, "content_type": 24, "object_id": 11}}, {"pk": 12, "model": "voting.vote", "fields": {"vote": 1, "user": 1, "content_type": 24, "object_id": 12}}, {"pk": 13, "model": "voting.vote", "fields": {"vote": 1, "user": 1, "content_type": 24, "object_id": 13}}, {"pk": 14, "model": "voting.vote", "fields": {"vote": 1, "user": 1, "content_type": 24, "object_id": 14}}, {"pk": 15, "model": "voting.vote", "fields": {"vote": 1, "user": 1, "content_type": 24, "object_id": 15}}, {"pk": 16, "model": "voting.vote", "fields": {"vote": 1, "user": 1, "content_type": 24, "object_id": 16}}, {"pk": 17, "model": "voting.vote", "fields": {"vote": 1, "user": 1, "content_type": 24, "object_id": 17}}, {"pk": 18, "model": "voting.vote", "fields": {"vote": 1, "user": 1, "content_type": 24, "object_id": 18}}, {"pk": 19, "model": "voting.vote", "fields": {"vote": 1, "user": 1, "content_type": 24, "object_id": 19}}, {"pk": 20, "model": "voting.vote", "fields": {"vote": 1, "user": 1, "content_type": 24, "object_id": 20}}, {"pk": 21, "model": "voting.vote", "fields": {"vote": 1, "user": 1, "content_type": 24, "object_id": 21}}, {"pk": 22, "model": "voting.vote", "fields": {"vote": 1, "user": 1, "content_type": 24, "object_id": 22}}, {"pk": 23, "model": "voting.vote", "fields": {"vote": 1, "user": 1, "content_type": 24, "object_id": 23}}, {"pk": 24, "model": "voting.vote", "fields": {"vote": 1, "user": 1, "content_type": 24, "object_id": 24}}, {"pk": 25, "model": "voting.vote", "fields": {"vote": 1, "user": 1, "content_type": 24, "object_id": 25}}, {"pk": 26, "model": "voting.vote", "fields": {"vote": 1, "user": 1, "content_type": 24, "object_id": 26}}, {"pk": 27, "model": "voting.vote", "fields": {"vote": 1, "user": 1, "content_type": 24, "object_id": 27}}, {"pk": 28, "model": "voting.vote", "fields": {"vote": 1, "user": 1, "content_type": 24, "object_id": 28}}, {"pk": 29, "model": "voting.vote", "fields": {"vote": 1, "user": 1, "content_type": 24, "object_id": 29}}, {"pk": 30, "model": "voting.vote", "fields": {"vote": 1, "user": 1, "content_type": 24, "object_id": 30}}, {"pk": 31, "model": "voting.vote", "fields": {"vote": 1, "user": 1, "content_type": 24, "object_id": 31}}, {"pk": 32, "model": "voting.vote", "fields": {"vote": 1, "user": 1, "content_type": 24, "object_id": 32}}, {"pk": 33, "model": "voting.vote", "fields": {"vote": 1, "user": 1, "content_type": 24, "object_id": 33}}, {"pk": 34, "model": "voting.vote", "fields": {"vote": 1, "user": 1, "content_type": 24, "object_id": 34}}, {"pk": 35, "model": "voting.vote", "fields": {"vote": 1, "user": 1, "content_type": 24, "object_id": 35}}, {"pk": 36, "model": "voting.vote", "fields": {"vote": 1, "user": 1, "content_type": 24, "object_id": 36}}, {"pk": 37, "model": "voting.vote", "fields": {"vote": 1, "user": 1, "content_type": 24, "object_id": 37}}, {"pk": 38, "model": "voting.vote", "fields": {"vote": 1, "user": 1, "content_type": 24, "object_id": 38}}, {"pk": 39, "model": "voting.vote", "fields": {"vote": 1, "user": 1, "content_type": 24, "object_id": 39}}, {"pk": 40, "model": "voting.vote", "fields": {"vote": 1, "user": 2, "content_type": 24, "object_id": 40}}, {"pk": 41, "model": "voting.vote", "fields": {"vote": 1, "user": 2, "content_type": 24, "object_id": 41}}, {"pk": 42, "model": "voting.vote", "fields": {"vote": 1, "user": 2, "content_type": 24, "object_id": 42}}, {"pk": 43, "model": "voting.vote", "fields": {"vote": 1, "user": 2, "content_type": 24, "object_id": 43}}, {"pk": 44, "model": "voting.vote", "fields": {"vote": 1, "user": 2, "content_type": 24, "object_id": 44}}, {"pk": 45, "model": "voting.vote", "fields": {"vote": 1, "user": 2, "content_type": 24, "object_id": 45}}, {"pk": 46, "model": "voting.vote", "fields": {"vote": 1, "user": 2, "content_type": 24, "object_id": 46}}, {"pk": 47, "model": "voting.vote", "fields": {"vote": 1, "user": 2, "content_type": 24, "object_id": 47}}, {"pk": 48, "model": "voting.vote", "fields": {"vote": 1, "user": 2, "content_type": 24, "object_id": 48}}, {"pk": 49, "model": "voting.vote", "fields": {"vote": 1, "user": 2, "content_type": 24, "object_id": 49}}, {"pk": 50, "model": "voting.vote", "fields": {"vote": 1, "user": 2, "content_type": 24, "object_id": 50}}, {"pk": 51, "model": "voting.vote", "fields": {"vote": 1, "user": 2, "content_type": 24, "object_id": 51}}, {"pk": 52, "model": "voting.vote", "fields": {"vote": 1, "user": 2, "content_type": 24, "object_id": 52}}, {"pk": 53, "model": "voting.vote", "fields": {"vote": 1, "user": 1, "content_type": 24, "object_id": 56}}, {"pk": 54, "model": "voting.vote", "fields": {"vote": 1, "user": 1, "content_type": 24, "object_id": 57}}, {"pk": 55, "model": "voting.vote", "fields": {"vote": 1, "user": 1, "content_type": 24, "object_id": 58}}, {"pk": 56, "model": "voting.vote", "fields": {"vote": -1, "user": 2, "content_type": 24, "object_id": 55}}, {"pk": 57, "model": "voting.vote", "fields": {"vote": 1, "user": 2, "content_type": 24, "object_id": 59}}, {"pk": 59, "model": "voting.vote", "fields": {"vote": -1, "user": 2, "content_type": 24, "object_id": 54}}, {"pk": 60, "model": "voting.vote", "fields": {"vote": -1, "user": 2, "content_type": 24, "object_id": 34}}, {"pk": 1, "model": "comments.comment", "fields": {"comment": "First!", "user_url": "", "submit_date": "2010-12-05 17:27:15", "ip_address": "127.0.0.1", "object_pk": "1", "site": 1, "is_removed": false, "user": 1, "content_type": 13, "is_public": true, "user_name": "Jeffrey Charles", "user_email": "jeffrey.charles@wluopensource.org"}}, {"pk": 2, "model": "comments.comment", "fields": {"comment": "Second!", "user_url": "", "submit_date": "2010-12-05 17:27:24", "ip_address": "127.0.0.1", "object_pk": "1", "site": 1, "is_removed": false, "user": 1, "content_type": 13, "is_public": true, "user_name": "Jeffrey Charles", "user_email": "jeffrey.charles@wluopensource.org"}}, {"pk": 3, "model": "comments.comment", "fields": {"comment": "Third!", "user_url": "", "submit_date": "2010-12-05 17:27:31", "ip_address": "127.0.0.1", "object_pk": "1", "site": 1, "is_removed": false, "user": 1, "content_type": 13, "is_public": true, "user_name": "Jeffrey Charles", "user_email": "jeffrey.charles@wluopensource.org"}}, {"pk": 4, "model": "comments.comment", "fields": {"comment": "Damn people who post:\n\n>First!", "user_url": "", "submit_date": "2010-12-05 17:28:02", "ip_address": "127.0.0.1", "object_pk": "1", "site": 1, "is_removed": false, "user": 1, "content_type": 13, "is_public": true, "user_name": "Jeffrey Charles", "user_email": "jeffrey.charles@wluopensource.org"}}, {"pk": 5, "model": "comments.comment", "fields": {"comment": "Yeah, totally!", "user_url": "", "submit_date": "2010-12-05 17:28:22", "ip_address": "127.0.0.1", "object_pk": "1", "site": 1, "is_removed": false, "user": 1, "content_type": 13, "is_public": true, "user_name": "Jeffrey Charles", "user_email": "jeffrey.charles@wluopensource.org"}}, {"pk": 6, "model": "comments.comment", "fields": {"comment": "I know!", "user_url": "", "submit_date": "2010-12-05 17:28:34", "ip_address": "127.0.0.1", "object_pk": "1", "site": 1, "is_removed": false, "user": 1, "content_type": 13, "is_public": true, "user_name": "Jeffrey Charles", "user_email": "jeffrey.charles@wluopensource.org"}}, {"pk": 7, "model": "comments.comment", "fields": {"comment": "Something else", "user_url": "", "submit_date": "2010-12-05 17:29:03", "ip_address": "127.0.0.1", "object_pk": "1", "site": 1, "is_removed": false, "user": 1, "content_type": 13, "is_public": true, "user_name": "Jeffrey Charles", "user_email": "jeffrey.charles@wluopensource.org"}}, {"pk": 8, "model": "comments.comment", "fields": {"comment": "At least say something productive!", "user_url": "", "submit_date": "2010-12-05 17:29:16", "ip_address": "127.0.0.1", "object_pk": "1", "site": 1, "is_removed": false, "user": 1, "content_type": 13, "is_public": true, "user_name": "Jeffrey Charles", "user_email": "jeffrey.charles@wluopensource.org"}}, {"pk": 9, "model": "comments.comment", "fields": {"comment": "Yeah!\n\nWhat the hell?", "user_url": "", "submit_date": "2010-12-05 17:29:30", "ip_address": "127.0.0.1", "object_pk": "1", "site": 1, "is_removed": false, "user": 1, "content_type": 13, "is_public": true, "user_name": "Jeffrey Charles", "user_email": "jeffrey.charles@wluopensource.org"}}, {"pk": 10, "model": "comments.comment", "fields": {"comment": "Amazing!", "user_url": "", "submit_date": "2010-12-05 17:30:09", "ip_address": "127.0.0.1", "object_pk": "1", "site": 1, "is_removed": false, "user": 1, "content_type": 13, "is_public": true, "user_name": "Jeffrey Charles", "user_email": "jeffrey.charles@wluopensource.org"}}, {"pk": 11, "model": "comments.comment", "fields": {"comment": "Definitely", "user_url": "", "submit_date": "2010-12-05 17:30:22", "ip_address": "127.0.0.1", "object_pk": "1", "site": 1, "is_removed": false, "user": 1, "content_type": 13, "is_public": true, "user_name": "Jeffrey Charles", "user_email": "jeffrey.charles@wluopensource.org"}}, {"pk": 12, "model": "comments.comment", "fields": {"comment": "Well, there's probably some bug that I missed", "user_url": "", "submit_date": "2010-12-05 17:30:35", "ip_address": "127.0.0.1", "object_pk": "1", "site": 1, "is_removed": false, "user": 1, "content_type": 13, "is_public": true, "user_name": "Jeffrey Charles", "user_email": "jeffrey.charles@wluopensource.org"}}, {"pk": 13, "model": "comments.comment", "fields": {"comment": "Hell yeah!", "user_url": "", "submit_date": "2010-12-05 17:30:52", "ip_address": "127.0.0.1", "object_pk": "1", "site": 1, "is_removed": false, "user": 1, "content_type": 13, "is_public": true, "user_name": "Jeffrey Charles", "user_email": "jeffrey.charles@wluopensource.org"}}, {"pk": 14, "model": "comments.comment", "fields": {"comment": "bah!", "user_url": "", "submit_date": "2010-12-05 17:30:58", "ip_address": "127.0.0.1", "object_pk": "1", "site": 1, "is_removed": false, "user": 1, "content_type": 13, "is_public": true, "user_name": "Jeffrey Charles", "user_email": "jeffrey.charles@wluopensource.org"}}, {"pk": 15, "model": "comments.comment", "fields": {"comment": "tada!", "user_url": "", "submit_date": "2010-12-05 17:31:05", "ip_address": "127.0.0.1", "object_pk": "1", "site": 1, "is_removed": false, "user": 1, "content_type": 13, "is_public": true, "user_name": "Jeffrey Charles", "user_email": "jeffrey.charles@wluopensource.org"}}, {"pk": 16, "model": "comments.comment", "fields": {"comment": "Here's some code:\n\n    print \"Hello World!\"", "user_url": "", "submit_date": "2010-12-05 17:31:51", "ip_address": "127.0.0.1", "object_pk": "1", "site": 1, "is_removed": false, "user": 1, "content_type": 13, "is_public": true, "user_name": "Jeffrey Charles", "user_email": "jeffrey.charles@wluopensource.org"}}, {"pk": 17, "model": "comments.comment", "fields": {"comment": "Awesome!", "user_url": "", "submit_date": "2010-12-05 17:31:59", "ip_address": "127.0.0.1", "object_pk": "1", "site": 1, "is_removed": false, "user": 1, "content_type": 13, "is_public": true, "user_name": "Jeffrey Charles", "user_email": "jeffrey.charles@wluopensource.org"}}, {"pk": 18, "model": "comments.comment", "fields": {"comment": "Totally awesome!", "user_url": "", "submit_date": "2010-12-05 17:32:14", "ip_address": "127.0.0.1", "object_pk": "1", "site": 1, "is_removed": false, "user": 1, "content_type": 13, "is_public": true, "user_name": "Jeffrey Charles", "user_email": "jeffrey.charles@wluopensource.org"}}, {"pk": 19, "model": "comments.comment", "fields": {"comment": "* Ta\n* Da\n\n\nHaha\n\n1. blah\n2. Hah", "user_url": "", "submit_date": "2010-12-05 17:32:50", "ip_address": "127.0.0.1", "object_pk": "1", "site": 1, "is_removed": false, "user": 1, "content_type": 13, "is_public": true, "user_name": "Jeffrey Charles", "user_email": "jeffrey.charles@wluopensource.org"}}, {"pk": 20, "model": "comments.comment", "fields": {"comment": "That's **nothing**, compared to _this_", "user_url": "", "submit_date": "2010-12-05 17:34:49", "ip_address": "127.0.0.1", "object_pk": "1", "site": 1, "is_removed": false, "user": 1, "content_type": 13, "is_public": true, "user_name": "Jeffrey Charles", "user_email": "jeffrey.charles@wluopensource.org"}}, {"pk": 21, "model": "comments.comment", "fields": {"comment": "I'm liking these styles", "user_url": "", "submit_date": "2010-12-05 17:35:05", "ip_address": "127.0.0.1", "object_pk": "1", "site": 1, "is_removed": false, "user": 1, "content_type": 13, "is_public": true, "user_name": "Jeffrey Charles", "user_email": "jeffrey.charles@wluopensource.org"}}, {"pk": 22, "model": "comments.comment", "fields": {"comment": "Time for some awesomeness", "user_url": "", "submit_date": "2010-12-05 17:35:20", "ip_address": "127.0.0.1", "object_pk": "1", "site": 1, "is_removed": false, "user": 1, "content_type": 13, "is_public": true, "user_name": "Jeffrey Charles", "user_email": "jeffrey.charles@wluopensource.org"}}, {"pk": 23, "model": "comments.comment", "fields": {"comment": "Still getting awesome test data", "user_url": "", "submit_date": "2010-12-05 17:35:32", "ip_address": "127.0.0.1", "object_pk": "1", "site": 1, "is_removed": false, "user": 1, "content_type": 13, "is_public": true, "user_name": "Jeffrey Charles", "user_email": "jeffrey.charles@wluopensource.org"}}, {"pk": 24, "model": "comments.comment", "fields": {"comment": "Right-o", "user_url": "", "submit_date": "2010-12-05 17:35:40", "ip_address": "127.0.0.1", "object_pk": "1", "site": 1, "is_removed": false, "user": 1, "content_type": 13, "is_public": true, "user_name": "Jeffrey Charles", "user_email": "jeffrey.charles@wluopensource.org"}}, {"pk": 25, "model": "comments.comment", "fields": {"comment": "asdf", "user_url": "", "submit_date": "2010-12-05 17:36:05", "ip_address": "127.0.0.1", "object_pk": "1", "site": 1, "is_removed": false, "user": 1, "content_type": 13, "is_public": true, "user_name": "Jeffrey Charles", "user_email": "jeffrey.charles@wluopensource.org"}}, {"pk": 26, "model": "comments.comment", "fields": {"comment": "ghjk", "user_url": "", "submit_date": "2010-12-05 17:36:13", "ip_address": "127.0.0.1", "object_pk": "1", "site": 1, "is_removed": false, "user": 1, "content_type": 13, "is_public": true, "user_name": "Jeffrey Charles", "user_email": "jeffrey.charles@wluopensource.org"}}, {"pk": 27, "model": "comments.comment", "fields": {"comment": "qwer", "user_url": "", "submit_date": "2010-12-05 17:36:23", "ip_address": "127.0.0.1", "object_pk": "1", "site": 1, "is_removed": false, "user": 1, "content_type": 13, "is_public": true, "user_name": "Jeffrey Charles", "user_email": "jeffrey.charles@wluopensource.org"}}, {"pk": 28, "model": "comments.comment", "fields": {"comment": "zxcv", "user_url": "", "submit_date": "2010-12-05 17:36:34", "ip_address": "127.0.0.1", "object_pk": "1", "site": 1, "is_removed": false, "user": 1, "content_type": 13, "is_public": true, "user_name": "Jeffrey Charles", "user_email": "jeffrey.charles@wluopensource.org"}}, {"pk": 29, "model": "comments.comment", "fields": {"comment": "bnm<", "user_url": "", "submit_date": "2010-12-05 17:36:42", "ip_address": "127.0.0.1", "object_pk": "1", "site": 1, "is_removed": false, "user": 1, "content_type": 13, "is_public": true, "user_name": "Jeffrey Charles", "user_email": "jeffrey.charles@wluopensource.org"}}, {"pk": 30, "model": "comments.comment", "fields": {"comment": "uiop", "user_url": "", "submit_date": "2010-12-05 17:36:50", "ip_address": "127.0.0.1", "object_pk": "1", "site": 1, "is_removed": false, "user": 1, "content_type": 13, "is_public": true, "user_name": "Jeffrey Charles", "user_email": "jeffrey.charles@wluopensource.org"}}, {"pk": 31, "model": "comments.comment", "fields": {"comment": "12", "user_url": "", "submit_date": "2010-12-05 17:36:59", "ip_address": "127.0.0.1", "object_pk": "1", "site": 1, "is_removed": false, "user": 1, "content_type": 13, "is_public": true, "user_name": "Jeffrey Charles", "user_email": "jeffrey.charles@wluopensource.org"}}, {"pk": 32, "model": "comments.comment", "fields": {"comment": "34", "user_url": "", "submit_date": "2010-12-05 17:37:04", "ip_address": "127.0.0.1", "object_pk": "1", "site": 1, "is_removed": false, "user": 1, "content_type": 13, "is_public": true, "user_name": "Jeffrey Charles", "user_email": "jeffrey.charles@wluopensource.org"}}, {"pk": 33, "model": "comments.comment", "fields": {"comment": "56", "user_url": "", "submit_date": "2010-12-05 17:37:12", "ip_address": "127.0.0.1", "object_pk": "1", "site": 1, "is_removed": false, "user": 1, "content_type": 13, "is_public": true, "user_name": "Jeffrey Charles", "user_email": "jeffrey.charles@wluopensource.org"}}, {"pk": 34, "model": "comments.comment", "fields": {"comment": "`{[:]}`", "user_url": "", "submit_date": "2010-12-05 17:37:57", "ip_address": "127.0.0.1", "object_pk": "1", "site": 1, "is_removed": false, "user": 1, "content_type": 13, "is_public": true, "user_name": "Jeffrey Charles", "user_email": "jeffrey.charles@wluopensource.org"}}, {"pk": 35, "model": "comments.comment", "fields": {"comment": "Here's how to return a query string:\n\n    import urlparse\n    url = urlparse.urlparse('http://www.google.ca')\n    qs = url[4]\n    return qs", "user_url": "", "submit_date": "2010-12-05 17:40:30", "ip_address": "127.0.0.1", "object_pk": "1", "site": 1, "is_removed": false, "user": 1, "content_type": 13, "is_public": true, "user_name": "Jeffrey Charles", "user_email": "jeffrey.charles@wluopensource.org"}}, {"pk": 36, "model": "comments.comment", "fields": {"comment": "Woah!", "user_url": "", "submit_date": "2010-12-05 17:40:40", "ip_address": "127.0.0.1", "object_pk": "1", "site": 1, "is_removed": false, "user": 1, "content_type": 13, "is_public": true, "user_name": "Jeffrey Charles", "user_email": "jeffrey.charles@wluopensource.org"}}, {"pk": 37, "model": "comments.comment", "fields": {"comment": "Still need more filler", "user_url": "", "submit_date": "2010-12-05 17:41:10", "ip_address": "127.0.0.1", "object_pk": "1", "site": 1, "is_removed": false, "user": 1, "content_type": 13, "is_public": true, "user_name": "Jeffrey Charles", "user_email": "jeffrey.charles@wluopensource.org"}}, {"pk": 38, "model": "comments.comment", "fields": {"comment": "Right back at ya!", "user_url": "", "submit_date": "2010-12-05 17:41:19", "ip_address": "127.0.0.1", "object_pk": "1", "site": 1, "is_removed": false, "user": 1, "content_type": 13, "is_public": true, "user_name": "Jeffrey Charles", "user_email": "jeffrey.charles@wluopensource.org"}}, {"pk": 39, "model": "comments.comment", "fields": {"comment": "Ta-da", "user_url": "", "submit_date": "2010-12-05 17:41:26", "ip_address": "127.0.0.1", "object_pk": "1", "site": 1, "is_removed": false, "user": 1, "content_type": 13, "is_public": true, "user_name": "Jeffrey Charles", "user_email": "jeffrey.charles@wluopensource.org"}}, {"pk": 40, "model": "comments.comment", "fields": {"comment": "Time to add some more comments", "user_url": "", "submit_date": "2010-12-05 17:42:42", "ip_address": "127.0.0.1", "object_pk": "1", "site": 1, "is_removed": false, "user": 2, "content_type": 13, "is_public": true, "user_name": "auth_user", "user_email": "auth@auth.au"}}, {"pk": 41, "model": "comments.comment", "fields": {"comment": "Yeah, definitely", "user_url": "", "submit_date": "2010-12-05 17:42:51", "ip_address": "127.0.0.1", "object_pk": "1", "site": 1, "is_removed": false, "user": 2, "content_type": 13, "is_public": true, "user_name": "auth_user", "user_email": "auth@auth.au"}}, {"pk": 42, "model": "comments.comment", "fields": {"comment": "1213", "user_url": "", "submit_date": "2010-12-05 17:43:00", "ip_address": "127.0.0.1", "object_pk": "1", "site": 1, "is_removed": false, "user": 2, "content_type": 13, "is_public": true, "user_name": "auth_user", "user_email": "auth@auth.au"}}, {"pk": 43, "model": "comments.comment", "fields": {"comment": "+_)((*", "user_url": "", "submit_date": "2010-12-05 17:43:10", "ip_address": "127.0.0.1", "object_pk": "1", "site": 1, "is_removed": false, "user": 2, "content_type": 13, "is_public": true, "user_name": "auth_user", "user_email": "auth@auth.au"}}, {"pk": 44, "model": "comments.comment", "fields": {"comment": "craziness", "user_url": "", "submit_date": "2010-12-05 17:43:16", "ip_address": "127.0.0.1", "object_pk": "1", "site": 1, "is_removed": false, "user": 2, "content_type": 13, "is_public": true, "user_name": "auth_user", "user_email": "auth@auth.au"}}, {"pk": 45, "model": "comments.comment", "fields": {"comment": "!@@$@#@", "user_url": "", "submit_date": "2010-12-05 17:43:23", "ip_address": "127.0.0.1", "object_pk": "1", "site": 1, "is_removed": false, "user": 2, "content_type": 13, "is_public": true, "user_name": "auth_user", "user_email": "auth@auth.au"}}, {"pk": 46, "model": "comments.comment", "fields": {"comment": "whoop!", "user_url": "", "submit_date": "2010-12-05 17:43:31", "ip_address": "127.0.0.1", "object_pk": "1", "site": 1, "is_removed": false, "user": 2, "content_type": 13, "is_public": true, "user_name": "auth_user", "user_email": "auth@auth.au"}}, {"pk": 47, "model": "comments.comment", "fields": {"comment": "Toop?", "user_url": "", "submit_date": "2010-12-05 17:43:39", "ip_address": "127.0.0.1", "object_pk": "1", "site": 1, "is_removed": false, "user": 2, "content_type": 13, "is_public": true, "user_name": "auth_user", "user_email": "auth@auth.au"}}, {"pk": 48, "model": "comments.comment", "fields": {"comment": "loop!", "user_url": "", "submit_date": "2010-12-05 17:43:45", "ip_address": "127.0.0.1", "object_pk": "1", "site": 1, "is_removed": false, "user": 2, "content_type": 13, "is_public": true, "user_name": "auth_user", "user_email": "auth@auth.au"}}, {"pk": 49, "model": "comments.comment", "fields": {"comment": "    #include <stdio.h>\n\n    main() {\n        puts(\"Hello World!\");\n        return 0;\n    }", "user_url": "", "submit_date": "2010-12-05 17:45:20", "ip_address": "127.0.0.1", "object_pk": "1", "site": 1, "is_removed": false, "user": 2, "content_type": 13, "is_public": true, "user_name": "auth_user", "user_email": "auth@auth.au"}}, {"pk": 50, "model": "comments.comment", "fields": {"comment": "yikes!", "user_url": "", "submit_date": "2010-12-05 17:45:33", "ip_address": "127.0.0.1", "object_pk": "1", "site": 1, "is_removed": false, "user": 2, "content_type": 13, "is_public": true, "user_name": "auth_user", "user_email": "auth@auth.au"}}, {"pk": 51, "model": "comments.comment", "fields": {"comment": "I like `print \"Hello World!\"` better", "user_url": "", "submit_date": "2010-12-05 17:45:55", "ip_address": "127.0.0.1", "object_pk": "1", "site": 1, "is_removed": false, "user": 2, "content_type": 13, "is_public": true, "user_name": "auth_user", "user_email": "auth@auth.au"}}, {"pk": 52, "model": "comments.comment", "fields": {"comment": "Another thing to fill", "user_url": "", "submit_date": "2010-12-05 17:47:06", "ip_address": "127.0.0.1", "object_pk": "1", "site": 1, "is_removed": false, "user": 2, "content_type": 13, "is_public": true, "user_name": "auth_user", "user_email": "auth@auth.au"}}, {"pk": 53, "model": "comments.comment", "fields": {"comment": "Some anon comment", "user_url": "", "submit_date": "2010-12-05 17:47:34", "ip_address": "127.0.0.1", "object_pk": "1", "site": 1, "is_removed": false, "user": null, "content_type": 13, "is_public": true, "user_name": "anon", "user_email": "anon@anon.an"}}, {"pk": 54, "model": "comments.comment", "fields": {"comment": "yep", "user_url": "", "submit_date": "2010-12-05 17:48:06", "ip_address": "127.0.0.1", "object_pk": "1", "site": 1, "is_removed": false, "user": null, "content_type": 13, "is_public": true, "user_name": "anon-again", "user_email": "more-anon@ca.ca"}}, {"pk": 55, "model": "comments.comment", "fields": {"comment": "A first comment", "user_url": "", "submit_date": "2010-12-05 17:50:31", "ip_address": "127.0.0.1", "object_pk": "2", "site": 1, "is_removed": false, "user": null, "content_type": 13, "is_public": true, "user_name": "ghgh", "user_email": "ghgh@gh.ca"}}, {"pk": 56, "model": "comments.comment", "fields": {"comment": "Woot!", "user_url": "", "submit_date": "2010-12-05 17:50:51", "ip_address": "127.0.0.1", "object_pk": "2", "site": 1, "is_removed": false, "user": 1, "content_type": 13, "is_public": true, "user_name": "Jeffrey Charles", "user_email": "jeffrey.charles@wluopensource.org"}}, {"pk": 57, "model": "comments.comment", "fields": {"comment": "Stop putting \"First\" in or you're going to get moderated!", "user_url": "", "submit_date": "2010-12-05 17:51:11", "ip_address": "127.0.0.1", "object_pk": "2", "site": 1, "is_removed": false, "user": 1, "content_type": 13, "is_public": true, "user_name": "Jeffrey Charles", "user_email": "jeffrey.charles@wluopensource.org"}}, {"pk": 58, "model": "comments.comment", "fields": {"comment": "Toot!", "user_url": "", "submit_date": "2010-12-05 17:51:19", "ip_address": "127.0.0.1", "object_pk": "2", "site": 1, "is_removed": false, "user": 1, "content_type": 13, "is_public": true, "user_name": "Jeffrey Charles", "user_email": "jeffrey.charles@wluopensource.org"}}, {"pk": 59, "model": "comments.comment", "fields": {"comment": "boot", "user_url": "", "submit_date": "2010-12-05 17:51:53", "ip_address": "127.0.0.1", "object_pk": "2", "site": 1, "is_removed": false, "user": 2, "content_type": 13, "is_public": true, "user_name": "auth_user", "user_email": "auth@auth.au"}}, {"pk": 60, "model": "comments.comment", "fields": {"comment": "Downvoted for not being constructive!", "user_url": "", "submit_date": "2010-12-05 17:52:11", "ip_address": "127.0.0.1", "object_pk": "2", "site": 1, "is_removed": false, "user": 2, "content_type": 13, "is_public": true, "user_name": "auth_user", "user_email": "auth@auth.au"}}, {"pk": 35, "model": "auth.permission", "fields": {"codename": "add_userprofile", "name": "Can add user profile", "content_type": 12}}, {"pk": 36, "model": "auth.permission", "fields": {"codename": "change_userprofile", "name": "Can change user profile", "content_type": 12}}, {"pk": 37, "model": "auth.permission", "fields": {"codename": "delete_userprofile", "name": "Can delete user profile", "content_type": 12}}, {"pk": 1, "model": "auth.permission", "fields": {"codename": "add_logentry", "name": "Can add log entry", "content_type": 1}}, {"pk": 2, "model": "auth.permission", "fields": {"codename": "change_logentry", "name": "Can change log entry", "content_type": 1}}, {"pk": 3, "model": "auth.permission", "fields": {"codename": "delete_logentry", "name": "Can delete log entry", "content_type": 1}}, {"pk": 41, "model": "auth.permission", "fields": {"codename": "add_announcement", "name": "Can add announcement", "content_type": 14}}, {"pk": 42, "model": "auth.permission", "fields": {"codename": "change_announcement", "name": "Can change announcement", "content_type": 14}}, {"pk": 43, "model": "auth.permission", "fields": {"codename": "delete_announcement", "name": "Can delete announcement", "content_type": 14}}, {"pk": 38, "model": "auth.permission", "fields": {"codename": "add_article", "name": "Can add article", "content_type": 13}}, {"pk": 39, "model": "auth.permission", "fields": {"codename": "change_article", "name": "Can change article", "content_type": 13}}, {"pk": 40, "model": "auth.permission", "fields": {"codename": "delete_article", "name": "Can delete article", "content_type": 13}}, {"pk": 7, "model": "auth.permission", "fields": {"codename": "add_group", "name": "Can add group", "content_type": 3}}, {"pk": 8, "model": "auth.permission", "fields": {"codename": "change_group", "name": "Can change group", "content_type": 3}}, {"pk": 9, "model": "auth.permission", "fields": {"codename": "delete_group", "name": "Can delete group", "content_type": 3}}, {"pk": 13, "model": "auth.permission", "fields": {"codename": "add_message", "name": "Can add message", "content_type": 5}}, {"pk": 14, "model": "auth.permission", "fields": {"codename": "change_message", "name": "Can change message", "content_type": 5}}, {"pk": 15, "model": "auth.permission", "fields": {"codename": "delete_message", "name": "Can delete message", "content_type": 5}}, {"pk": 4, "model": "auth.permission", "fields": {"codename": "add_permission", "name": "Can add permission", "content_type": 2}}, {"pk": 5, "model": "auth.permission", "fields": {"codename": "change_permission", "name": "Can change permission", "content_type": 2}}, {"pk": 6, "model": "auth.permission", "fields": {"codename": "delete_permission", "name": "Can delete permission", "content_type": 2}}, {"pk": 10, "model": "auth.permission", "fields": {"codename": "add_user", "name": "Can add user", "content_type": 4}}, {"pk": 11, "model": "auth.permission", "fields": {"codename": "change_user", "name": "Can change user", "content_type": 4}}, {"pk": 12, "model": "auth.permission", "fields": {"codename": "delete_user", "name": "Can delete user", "content_type": 4}}, {"pk": 16, "model": "auth.permission", "fields": {"codename": "add_comment", "name": "Can add comment", "content_type": 6}}, {"pk": 19, "model": "auth.permission", "fields": {"codename": "can_moderate", "name": "Can moderate comments", "content_type": 6}}, {"pk": 17, "model": "auth.permission", "fields": {"codename": "change_comment", "name": "Can change comment", "content_type": 6}}, {"pk": 18, "model": "auth.permission", "fields": {"codename": "delete_comment", "name": "Can delete comment", "content_type": 6}}, {"pk": 20, "model": "auth.permission", "fields": {"codename": "add_commentflag", "name": "Can add comment flag", "content_type": 7}}, {"pk": 21, "model": "auth.permission", "fields": {"codename": "change_commentflag", "name": "Can change comment flag", "content_type": 7}}, {"pk": 22, "model": "auth.permission", "fields": {"codename": "delete_commentflag", "name": "Can delete comment flag", "content_type": 7}}, {"pk": 23, "model": "auth.permission", "fields": {"codename": "add_contenttype", "name": "Can add content type", "content_type": 8}}, {"pk": 24, "model": "auth.permission", "fields": {"codename": "change_contenttype", "name": "Can change content type", "content_type": 8}}, {"pk": 25, "model": "auth.permission", "fields": {"codename": "delete_contenttype", "name": "Can delete content type", "content_type": 8}}, {"pk": 47, "model": "auth.permission", "fields": {"codename": "add_dontsendentry", "name": "Can add don't send entry", "content_type": 16}}, {"pk": 48, "model": "auth.permission", "fields": {"codename": "change_dontsendentry", "name": "Can change don't send entry", "content_type": 16}}, {"pk": 49, "model": "auth.permission", "fields": {"codename": "delete_dontsendentry", "name": "Can delete don't send entry", "content_type": 16}}, {"pk": 44, "model": "auth.permission", "fields": {"codename": "add_message", "name": "Can add message", "content_type": 15}}, {"pk": 45, "model": "auth.permission", "fields": {"codename": "change_message", "name": "Can change message", "content_type": 15}}, {"pk": 46, "model": "auth.permission", "fields": {"codename": "delete_message", "name": "Can delete message", "content_type": 15}}, {"pk": 50, "model": "auth.permission", "fields": {"codename": "add_messagelog", "name": "Can add message log", "content_type": 17}}, {"pk": 51, "model": "auth.permission", "fields": {"codename": "change_messagelog", "name": "Can change message log", "content_type": 17}}, {"pk": 52, "model": "auth.permission", "fields": {"codename": "delete_messagelog", "name": "Can delete message log", "content_type": 17}}, {"pk": 59, "model": "auth.permission", "fields": {"codename": "add_notice", "name": "Can add notice", "content_type": 20}}, {"pk": 60, "model": "auth.permission", "fields": {"codename": "change_notice", "name": "Can change notice", "content_type": 20}}, {"pk": 61, "model": "auth.permission", "fields": {"codename": "delete_notice", "name": "Can delete notice", "content_type": 20}}, {"pk": 62, "model": "auth.permission", "fields": {"codename": "add_noticequeuebatch", "name": "Can add notice queue batch", "content_type": 21}}, {"pk": 63, "model": "auth.permission", "fields": {"codename": "change_noticequeuebatch", "name": "Can change notice queue batch", "content_type": 21}}, {"pk": 64, "model": "auth.permission", "fields": {"codename": "delete_noticequeuebatch", "name": "Can delete notice queue batch", "content_type": 21}}, {"pk": 56, "model": "auth.permission", "fields": {"codename": "add_noticesetting", "name": "Can add notice setting", "content_type": 19}}, {"pk": 57, "model": "auth.permission", "fields": {"codename": "change_noticesetting", "name": "Can change notice setting", "content_type": 19}}, {"pk": 58, "model": "auth.permission", "fields": {"codename": "delete_noticesetting", "name": "Can delete notice setting", "content_type": 19}}, {"pk": 53, "model": "auth.permission", "fields": {"codename": "add_noticetype", "name": "Can add notice type", "content_type": 18}}, {"pk": 54, "model": "auth.permission", "fields": {"codename": "change_noticetype", "name": "Can change notice type", "content_type": 18}}, {"pk": 55, "model": "auth.permission", "fields": {"codename": "delete_noticetype", "name": "Can delete notice type", "content_type": 18}}, {"pk": 65, "model": "auth.permission", "fields": {"codename": "add_observeditem", "name": "Can add observed item", "content_type": 22}}, {"pk": 66, "model": "auth.permission", "fields": {"codename": "change_observeditem", "name": "Can change observed item", "content_type": 22}}, {"pk": 67, "model": "auth.permission", "fields": {"codename": "delete_observeditem", "name": "Can delete observed item", "content_type": 22}}, {"pk": 68, "model": "auth.permission", "fields": {"codename": "add_commentsbannedfromipaddress", "name": "Can add comments banned from ip address", "content_type": 23}}, {"pk": 71, "model": "auth.permission", "fields": {"codename": "can_ban", "name": "Can ban or un-ban IP addresses from commenting", "content_type": 23}}, {"pk": 69, "model": "auth.permission", "fields": {"codename": "change_commentsbannedfromipaddress", "name": "Can change comments banned from ip address", "content_type": 23}}, {"pk": 70, "model": "auth.permission", "fields": {"codename": "delete_commentsbannedfromipaddress", "name": "Can delete comments banned from ip address", "content_type": 23}}, {"pk": 75, "model": "auth.permission", "fields": {"codename": "add_commentsperpageforcontenttype", "name": "Can add comments per page for content type", "content_type": 25}}, {"pk": 76, "model": "auth.permission", "fields": {"codename": "change_commentsperpageforcontenttype", "name": "Can change comments per page for content type", "content_type": 25}}, {"pk": 77, "model": "auth.permission", "fields": {"codename": "delete_commentsperpageforcontenttype", "name": "Can delete comments per page for content type", "content_type": 25}}, {"pk": 72, "model": "auth.permission", "fields": {"codename": "add_oslcomment", "name": "Can add comment", "content_type": 24}}, {"pk": 73, "model": "auth.permission", "fields": {"codename": "change_oslcomment", "name": "Can change comment", "content_type": 24}}, {"pk": 74, "model": "auth.permission", "fields": {"codename": "delete_oslcomment", "name": "Can delete comment", "content_type": 24}}, {"pk": 78, "model": "auth.permission", "fields": {"codename": "add_flatpage", "name": "Can add flatpage", "content_type": 26}}, {"pk": 79, "model": "auth.permission", "fields": {"codename": "change_flatpage", "name": "Can change flatpage", "content_type": 26}}, {"pk": 80, "model": "auth.permission", "fields": {"codename": "delete_flatpage", "name": "Can delete flatpage", "content_type": 26}}, {"pk": 26, "model": "auth.permission", "fields": {"codename": "add_redirect", "name": "Can add redirect", "content_type": 9}}, {"pk": 27, "model": "auth.permission", "fields": {"codename": "change_redirect", "name": "Can change redirect", "content_type": 9}}, {"pk": 28, "model": "auth.permission", "fields": {"codename": "delete_redirect", "name": "Can delete redirect", "content_type": 9}}, {"pk": 29, "model": "auth.permission", "fields": {"codename": "add_session", "name": "Can add session", "content_type": 10}}, {"pk": 30, "model": "auth.permission", "fields": {"codename": "change_session", "name": "Can change session", "content_type": 10}}, {"pk": 31, "model": "auth.permission", "fields": {"codename": "delete_session", "name": "Can delete session", "content_type": 10}}, {"pk": 32, "model": "auth.permission", "fields": {"codename": "add_site", "name": "Can add site", "content_type": 11}}, {"pk": 33, "model": "auth.permission", "fields": {"codename": "change_site", "name": "Can change site", "content_type": 11}}, {"pk": 34, "model": "auth.permission", "fields": {"codename": "delete_site", "name": "Can delete site", "content_type": 11}}, {"pk": 81, "model": "auth.permission", "fields": {"codename": "add_facebookprofile", "name": "Can add facebook profile", "content_type": 27}}, {"pk": 82, "model": "auth.permission", "fields": {"codename": "change_facebookprofile", "name": "Can change facebook profile", "content_type": 27}}, {"pk": 83, "model": "auth.permission", "fields": {"codename": "delete_facebookprofile", "name": "Can delete facebook profile", "content_type": 27}}, {"pk": 93, "model": "auth.permission", "fields": {"codename": "add_openidnonce", "name": "Can add open id nonce", "content_type": 31}}, {"pk": 94, "model": "auth.permission", "fields": {"codename": "change_openidnonce", "name": "Can change open id nonce", "content_type": 31}}, {"pk": 95, "model": "auth.permission", "fields": {"codename": "delete_openidnonce", "name": "Can delete open id nonce", "content_type": 31}}, {"pk": 87, "model": "auth.permission", "fields": {"codename": "add_openidprofile", "name": "Can add open id profile", "content_type": 29}}, {"pk": 88, "model": "auth.permission", "fields": {"codename": "change_openidprofile", "name": "Can change open id profile", "content_type": 29}}, {"pk": 89, "model": "auth.permission", "fields": {"codename": "delete_openidprofile", "name": "Can delete open id profile", "content_type": 29}}, {"pk": 90, "model": "auth.permission", "fields": {"codename": "add_openidstore", "name": "Can add open id store", "content_type": 30}}, {"pk": 91, "model": "auth.permission", "fields": {"codename": "change_openidstore", "name": "Can change open id store", "content_type": 30}}, {"pk": 92, "model": "auth.permission", "fields": {"codename": "delete_openidstore", "name": "Can delete open id store", "content_type": 30}}, {"pk": 84, "model": "auth.permission", "fields": {"codename": "add_twitterprofile", "name": "Can add twitter profile", "content_type": 28}}, {"pk": 85, "model": "auth.permission", "fields": {"codename": "change_twitterprofile", "name": "Can change twitter profile", "content_type": 28}}, {"pk": 86, "model": "auth.permission", "fields": {"codename": "delete_twitterprofile", "name": "Can delete twitter profile", "content_type": 28}}, {"pk": 96, "model": "auth.permission", "fields": {"codename": "add_tag", "name": "Can add tag", "content_type": 32}}, {"pk": 97, "model": "auth.permission", "fields": {"codename": "change_tag", "name": "Can change tag", "content_type": 32}}, {"pk": 98, "model": "auth.permission", "fields": {"codename": "delete_tag", "name": "Can delete tag", "content_type": 32}}, {"pk": 99, "model": "auth.permission", "fields": {"codename": "add_taggeditem", "name": "Can add tagged item", "content_type": 33}}, {"pk": 100, "model": "auth.permission", "fields": {"codename": "change_taggeditem", "name": "Can change tagged item", "content_type": 33}}, {"pk": 101, "model": "auth.permission", "fields": {"codename": "delete_taggeditem", "name": "Can delete tagged item", "content_type": 33}}, {"pk": 102, "model": "auth.permission", "fields": {"codename": "add_vote", "name": "Can add vote", "content_type": 34}}, {"pk": 103, "model": "auth.permission", "fields": {"codename": "change_vote", "name": "Can change vote", "content_type": 34}}, {"pk": 104, "model": "auth.permission", "fields": {"codename": "delete_vote", "name": "Can delete vote", "content_type": 34}}, {"pk": 7, "model": "admin.logentry", "fields": {"action_flag": 2, "action_time": "2010-12-05 15:41:56", "object_repr": "jeff", "object_id": "1", "change_message": "Changed first_name and last_name.", "user": 1, "content_type": 4}}, {"pk": 6, "model": "admin.logentry", "fields": {"action_flag": 2, "action_time": "2010-12-05 15:41:26", "object_repr": "auth_user", "object_id": "2", "change_message": "Changed email.", "user": 1, "content_type": 4}}, {"pk": 5, "model": "admin.logentry", "fields": {"action_flag": 1, "action_time": "2010-12-05 15:41:06", "object_repr": "auth_user", "object_id": "2", "change_message": "", "user": 1, "content_type": 4}}, {"pk": 4, "model": "admin.logentry", "fields": {"action_flag": 1, "action_time": "2010-12-05 15:23:47", "object_repr": "First comment", "object_id": "4", "change_message": "", "user": 1, "content_type": 13}}, {"pk": 3, "model": "admin.logentry", "fields": {"action_flag": 1, "action_time": "2010-12-05 15:22:52", "object_repr": "No comments", "object_id": "3", "change_message": "", "user": 1, "content_type": 13}}, {"pk": 2, "model": "admin.logentry", "fields": {"action_flag": 1, "action_time": "2010-12-05 15:22:26", "object_repr": "Few comments", "object_id": "2", "change_message": "", "user": 1, "content_type": 13}}, {"pk": 1, "model": "admin.logentry", "fields": {"action_flag": 1, "action_time": "2010-12-05 15:22:02", "object_repr": "Lots of comments", "object_id": "1", "change_message": "", "user": 1, "content_type": 13}}, {"pk": 1, "model": "auth.user", "fields": {"username": "jeff", "first_name": "Jeffrey", "last_name": "Charles", "is_active": true, "is_superuser": true, "is_staff": true, "last_login": "2010-12-05 17:50:38", "groups": [], "user_permissions": [], "password": "sha1$7bf0d$8ad9a994b3a59f22aeaa1784f1b2767b90f74a59", "email": "jeffrey.charles@wluopensource.org", "date_joined": "2010-12-05 15:17:41"}}, {"pk": 2, "model": "auth.user", "fields": {"username": "auth_user", "first_name": "", "last_name": "", "is_active": true, "is_superuser": false, "is_staff": false, "last_login": "2010-12-05 17:51:32", "groups": [], "user_permissions": [], "password": "sha1$42641$4d2884a752020c8748659e5b8b5e350c3e55ffdd", "email": "auth@auth.au", "date_joined": "2010-12-05 15:41:06"}}]
